<?xml version='1.0' encoding='UTF-8'?>
<?artifactRepository version='1.1.0'?>
<repository name='file:/G:/workspace/Anypointworkspace/chicago-alt-fuel-connector/target/update-site/ - artifacts' type='org.eclipse.equinox.p2.artifact.repository.simpleRepository' version='1'>
  <properties size='2'>
    <property name='p2.timestamp' value='1506997687024'/>
    <property name='p2.compressed' value='false'/>
  </properties>
  <mappings size='3'>
    <rule filter='(&amp; (classifier=osgi.bundle))' output='${repoUrl}/plugins/${id}_${version}.jar'/>
    <rule filter='(&amp; (classifier=binary))' output='${repoUrl}/binary/${id}_${version}'/>
    <rule filter='(&amp; (classifier=org.eclipse.update.feature))' output='${repoUrl}/features/${id}_${version}.jar'/>
  </mappings>
  <artifacts size='2'>
    <artifact classifier='org.eclipse.update.feature' id='org.mule.tooling.ui.extension.chicago-alt-fuel-connector.3.5.0' version='1.0.0.201710022227'>
      <properties size='4'>
        <property name='artifact.size' value='654'/>
        <property name='download.size' value='654'/>
        <property name='download.md5' value='9224e0b9ccebc512c90b7ab9123c8ee7'/>
        <property name='download.contentType' value='application/zip'/>
      </properties>
    </artifact>
    <artifact classifier='osgi.bundle' id='org.mule.tooling.ui.contribution.chicago-alt-fuel.3.5.0' version='1.0.0.201710022227'>
      <properties size='3'>
        <property name='artifact.size' value='398878'/>
        <property name='download.size' value='398878'/>
        <property name='download.md5' value='19d81608db7e39936d8afd2a13ef5b46'/>
      </properties>
    </artifact>
  </artifacts>
</repository>
